filename,object_location,image_small,image_thumb
210a.jpg,/objects/210a.jpg,/objects/small/210a_sm.jpg,/objects/thumbs/210a_th.jpg
210b.jpg,/objects/210b.jpg,/objects/small/210b_sm.jpg,/objects/thumbs/210b_th.jpg
SNS_1996_Chess_PR.pdf,/objects/SNS_1996_Chess_PR.pdf,/objects/small/sns_1996_chess_pr_sm.jpg,/objects/thumbs/sns_1996_chess_pr_th.jpg
SNS_1996_Chess_TX.pdf,/objects/SNS_1996_Chess_TX.pdf,/objects/small/sns_1996_chess_tx_sm.jpg,/objects/thumbs/sns_1996_chess_tx_th.jpg
SNS_1996_Living_PR.pdf,/objects/SNS_1996_Living_PR.pdf,/objects/small/sns_1996_living_pr_sm.jpg,/objects/thumbs/sns_1996_living_pr_th.jpg
SNS_1996_Living_TX.pdf,/objects/SNS_1996_Living_TX.pdf,/objects/small/sns_1996_living_tx_sm.jpg,/objects/thumbs/sns_1996_living_tx_th.jpg
SNS_1997_Godspell_PR.pdf,/objects/SNS_1997_Godspell_PR.pdf,/objects/small/sns_1997_godspell_pr_sm.jpg,/objects/thumbs/sns_1997_godspell_pr_th.jpg
SNS_1997_Godspell_TX.pdf,/objects/SNS_1997_Godspell_TX.pdf,/objects/small/sns_1997_godspell_tx_sm.jpg,/objects/thumbs/sns_1997_godspell_tx_th.jpg
SNS_1997_Homecoming_PO.pdf,/objects/SNS_1997_Homecoming_PO.pdf,/objects/small/sns_1997_homecoming_po_sm.jpg,/objects/thumbs/sns_1997_homecoming_po_th.jpg
SNS_1997_Homecoming_PR.pdf,/objects/SNS_1997_Homecoming_PR.pdf,/objects/small/sns_1997_homecoming_pr_sm.jpg,/objects/thumbs/sns_1997_homecoming_pr_th.jpg
SNS_1997_Last_PR.pdf,/objects/SNS_1997_Last_PR.pdf,/objects/small/sns_1997_last_pr_sm.jpg,/objects/thumbs/sns_1997_last_pr_th.jpg
SNS_1997_Nature_PO.pdf,/objects/SNS_1997_Nature_PO.pdf,/objects/small/sns_1997_nature_po_sm.jpg,/objects/thumbs/sns_1997_nature_po_th.jpg
SNS_1997_Nature_PR.pdf,/objects/SNS_1997_Nature_PR.pdf,/objects/small/sns_1997_nature_pr_sm.jpg,/objects/thumbs/sns_1997_nature_pr_th.jpg
SNS_1997_Sometimes_PR.pdf,/objects/SNS_1997_Sometimes_PR.pdf,/objects/small/sns_1997_sometimes_pr_sm.jpg,/objects/thumbs/sns_1997_sometimes_pr_th.jpg
SNS_1997_Sometimes_TX.pdf,/objects/SNS_1997_Sometimes_TX.pdf,/objects/small/sns_1997_sometimes_tx_sm.jpg,/objects/thumbs/sns_1997_sometimes_tx_th.jpg
SNS_1997_Ugly_PO.pdf,/objects/SNS_1997_Ugly_PO.pdf,/objects/small/sns_1997_ugly_po_sm.jpg,/objects/thumbs/sns_1997_ugly_po_th.jpg
SNS_1997_Ugly_PR.pdf,/objects/SNS_1997_Ugly_PR.pdf,/objects/small/sns_1997_ugly_pr_sm.jpg,/objects/thumbs/sns_1997_ugly_pr_th.jpg
SNS_1998_Arcadia_PO.pdf,/objects/SNS_1998_Arcadia_PO.pdf,/objects/small/sns_1998_arcadia_po_sm.jpg,/objects/thumbs/sns_1998_arcadia_po_th.jpg
SNS_1998_Arcadia_PR.pdf,/objects/SNS_1998_Arcadia_PR.pdf,/objects/small/sns_1998_arcadia_pr_sm.jpg,/objects/thumbs/sns_1998_arcadia_pr_th.jpg
SNS_1998_Assassins_LP.pdf,/objects/SNS_1998_Assassins_LP.pdf,/objects/small/sns_1998_assassins_lp_sm.jpg,/objects/thumbs/sns_1998_assassins_lp_th.jpg
SNS_1998_Assassins_PR.pdf,/objects/SNS_1998_Assassins_PR.pdf,/objects/small/sns_1998_assassins_pr_sm.jpg,/objects/thumbs/sns_1998_assassins_pr_th.jpg
SNS_1998_Assassins_TX.pdf,/objects/SNS_1998_Assassins_TX.pdf,/objects/small/sns_1998_assassins_tx_sm.jpg,/objects/thumbs/sns_1998_assassins_tx_th.jpg
SNS_1998_Improv_PO.pdf,/objects/SNS_1998_Improv_PO.pdf,/objects/small/sns_1998_improv_po_sm.jpg,/objects/thumbs/sns_1998_improv_po_th.jpg
SNS_1998_Improv_PR.pdf,/objects/SNS_1998_Improv_PR.pdf,/objects/small/sns_1998_improv_pr_sm.jpg,/objects/thumbs/sns_1998_improv_pr_th.jpg
SNS_1998_Much_PR.pdf,/objects/SNS_1998_Much_PR.pdf,/objects/small/sns_1998_much_pr_sm.jpg,/objects/thumbs/sns_1998_much_pr_th.jpg
SNS_1998_Radio_PO_0001.pdf,/objects/SNS_1998_Radio_PO_0001.pdf,/objects/small/sns_1998_radio_po_0001_sm.jpg,/objects/thumbs/sns_1998_radio_po_0001_th.jpg
SNS_1998_Radio_PO_0002.pdf,/objects/SNS_1998_Radio_PO_0002.pdf,/objects/small/sns_1998_radio_po_0002_sm.jpg,/objects/thumbs/sns_1998_radio_po_0002_th.jpg
SNS_1998_Radio_PO_0003.pdf,/objects/SNS_1998_Radio_PO_0003.pdf,/objects/small/sns_1998_radio_po_0003_sm.jpg,/objects/thumbs/sns_1998_radio_po_0003_th.jpg
SNS_1998_Radio_PO_0004.pdf,/objects/SNS_1998_Radio_PO_0004.pdf,/objects/small/sns_1998_radio_po_0004_sm.jpg,/objects/thumbs/sns_1998_radio_po_0004_th.jpg
SNS_1998_Radio_PO_0005.pdf,/objects/SNS_1998_Radio_PO_0005.pdf,/objects/small/sns_1998_radio_po_0005_sm.jpg,/objects/thumbs/sns_1998_radio_po_0005_th.jpg
SNS_1998_Radio_PR.pdf,/objects/SNS_1998_Radio_PR.pdf,/objects/small/sns_1998_radio_pr_sm.jpg,/objects/thumbs/sns_1998_radio_pr_th.jpg
demo_001.jpg,/objects/demo_001.jpg,/objects/small/demo_001_sm.jpg,/objects/thumbs/demo_001_th.jpg
demo_002.pdf,/objects/demo_002.pdf,/objects/small/demo_002_sm.jpg,/objects/thumbs/demo_002_th.jpg
demo_003.mp3,/objects/demo_003.mp3,,
demo_004.jpg,/objects/demo_004.jpg,/objects/small/demo_004_sm.jpg,/objects/thumbs/demo_004_th.jpg
demo_005.txt,/objects/demo_005.txt,,
demo_012.md,/objects/demo_012.md,,
hells_half_theta.jpg,/objects/hells_half_theta.jpg,/objects/small/hells_half_theta_sm.jpg,/objects/thumbs/hells_half_theta_th.jpg
hughes_article.png,/objects/hughes_article.png,/objects/small/hughes_article_sm.jpg,/objects/thumbs/hughes_article_th.jpg
sns_1938_strings_pr.pdf,/objects/sns_1938_strings_pr.pdf,/objects/small/sns_1938_strings_pr_sm.jpg,/objects/thumbs/sns_1938_strings_pr_th.jpg
sns_1939_take_pr.pdf,/objects/sns_1939_take_pr.pdf,/objects/small/sns_1939_take_pr_sm.jpg,/objects/thumbs/sns_1939_take_pr_th.jpg
sns_1940_one_pr.pdf,/objects/sns_1940_one_pr.pdf,/objects/small/sns_1940_one_pr_sm.jpg,/objects/thumbs/sns_1940_one_pr_th.jpg
sns_1941_heres_pr.pdf,/objects/sns_1941_heres_pr.pdf,/objects/small/sns_1941_heres_pr_sm.jpg,/objects/thumbs/sns_1941_heres_pr_th.jpg
sns_1942_keep_pr.pdf,/objects/sns_1942_keep_pr.pdf,/objects/small/sns_1942_keep_pr_sm.jpg,/objects/thumbs/sns_1942_keep_pr_th.jpg
sns_1947_rock_pr.pdf,/objects/sns_1947_rock_pr.pdf,/objects/small/sns_1947_rock_pr_sm.jpg,/objects/thumbs/sns_1947_rock_pr_th.jpg
sns_1948_ladys_hb.pdf,/objects/sns_1948_ladys_hb.pdf,/objects/small/sns_1948_ladys_hb_sm.jpg,/objects/thumbs/sns_1948_ladys_hb_th.jpg
sns_1948_ladys_pr.pdf,/objects/sns_1948_ladys_pr.pdf,/objects/small/sns_1948_ladys_pr_sm.jpg,/objects/thumbs/sns_1948_ladys_pr_th.jpg
sns_1949_molecule_cl.pdf,/objects/sns_1949_molecule_cl.pdf,/objects/small/sns_1949_molecule_cl_sm.jpg,/objects/thumbs/sns_1949_molecule_cl_th.jpg
sns_1949_molecule_hb.pdf,/objects/sns_1949_molecule_hb.pdf,/objects/small/sns_1949_molecule_hb_sm.jpg,/objects/thumbs/sns_1949_molecule_hb_th.jpg
sns_1949_molecule_mb.pdf,/objects/sns_1949_molecule_mb.pdf,/objects/small/sns_1949_molecule_mb_sm.jpg,/objects/thumbs/sns_1949_molecule_mb_th.jpg
sns_1949_molecule_pr.pdf,/objects/sns_1949_molecule_pr.pdf,/objects/small/sns_1949_molecule_pr_sm.jpg,/objects/thumbs/sns_1949_molecule_pr_th.jpg
sns_1950_too_pr.pdf,/objects/sns_1950_too_pr.pdf,/objects/small/sns_1950_too_pr_sm.jpg,/objects/thumbs/sns_1950_too_pr_th.jpg
sns_1951_merry_closed_pr.pdf,/objects/sns_1951_merry_closed_pr.pdf,/objects/small/sns_1951_merry_closed_pr_sm.jpg,/objects/thumbs/sns_1951_merry_closed_pr_th.jpg
sns_1951_merry_open_back_pr.pdf,/objects/sns_1951_merry_open_back_pr.pdf,/objects/small/sns_1951_merry_open_back_pr_sm.jpg,/objects/thumbs/sns_1951_merry_open_back_pr_th.jpg
sns_1951_merry_open_front_pr.pdf,/objects/sns_1951_merry_open_front_pr.pdf,/objects/small/sns_1951_merry_open_front_pr_sm.jpg,/objects/thumbs/sns_1951_merry_open_front_pr_th.jpg
sns_1951_merry_pr.pdf,/objects/sns_1951_merry_pr.pdf,/objects/small/sns_1951_merry_pr_sm.jpg,/objects/thumbs/sns_1951_merry_pr_th.jpg
sns_1952_good_pr.pdf,/objects/sns_1952_good_pr.pdf,/objects/small/sns_1952_good_pr_sm.jpg,/objects/thumbs/sns_1952_good_pr_th.jpg
sns_1953_shoot_pr.pdf,/objects/sns_1953_shoot_pr.pdf,/objects/small/sns_1953_shoot_pr_sm.jpg,/objects/thumbs/sns_1953_shoot_pr_th.jpg
sns_1954_one_pr.pdf,/objects/sns_1954_one_pr.pdf,/objects/small/sns_1954_one_pr_sm.jpg,/objects/thumbs/sns_1954_one_pr_th.jpg
sns_1955_adults_pr.pdf,/objects/sns_1955_adults_pr.pdf,/objects/small/sns_1955_adults_pr_sm.jpg,/objects/thumbs/sns_1955_adults_pr_th.jpg
sns_1956_head_pr.pdf,/objects/sns_1956_head_pr.pdf,/objects/small/sns_1956_head_pr_sm.jpg,/objects/thumbs/sns_1956_head_pr_th.jpg
sns_1957_where_pr.pdf,/objects/sns_1957_where_pr.pdf,/objects/small/sns_1957_where_pr_sm.jpg,/objects/thumbs/sns_1957_where_pr_th.jpg
sns_1958_harmony_nc.pdf,/objects/sns_1958_harmony_nc.pdf,/objects/small/sns_1958_harmony_nc_sm.jpg,/objects/thumbs/sns_1958_harmony_nc_th.jpg
sns_1958_harmony_pr.pdf,/objects/sns_1958_harmony_pr.pdf,/objects/small/sns_1958_harmony_pr_sm.jpg,/objects/thumbs/sns_1958_harmony_pr_th.jpg
sns_1959_set_pr.pdf,/objects/sns_1959_set_pr.pdf,/objects/small/sns_1959_set_pr_sm.jpg,/objects/thumbs/sns_1959_set_pr_th.jpg
sns_1959_set_tx.pdf,/objects/sns_1959_set_tx.pdf,/objects/small/sns_1959_set_tx_sm.jpg,/objects/thumbs/sns_1959_set_tx_th.jpg
sns_1960_rocks_hb.pdf,/objects/sns_1960_rocks_hb.pdf,/objects/small/sns_1960_rocks_hb_sm.jpg,/objects/thumbs/sns_1960_rocks_hb_th.jpg
sns_1960_rocks_pr.pdf,/objects/sns_1960_rocks_pr.pdf,/objects/small/sns_1960_rocks_pr_sm.jpg,/objects/thumbs/sns_1960_rocks_pr_th.jpg
sns_1961_animation_pr.pdf,/objects/sns_1961_animation_pr.pdf,/objects/small/sns_1961_animation_pr_sm.jpg,/objects/thumbs/sns_1961_animation_pr_th.jpg
sns_1962_viv_pr.pdf,/objects/sns_1962_viv_pr.pdf,/objects/small/sns_1962_viv_pr_sm.jpg,/objects/thumbs/sns_1962_viv_pr_th.jpg
sns_1963_miss_pr.pdf,/objects/sns_1963_miss_pr.pdf,/objects/small/sns_1963_miss_pr_sm.jpg,/objects/thumbs/sns_1963_miss_pr_th.jpg
sns_1964_evnod_pr.pdf,/objects/sns_1964_evnod_pr.pdf,/objects/small/sns_1964_evnod_pr_sm.jpg,/objects/thumbs/sns_1964_evnod_pr_th.jpg
sns_1965_whatserface_lp.pdf,/objects/sns_1965_whatserface_lp.pdf,/objects/small/sns_1965_whatserface_lp_sm.jpg,/objects/thumbs/sns_1965_whatserface_lp_th.jpg
sns_1965_whatserface_po_0001.pdf,/objects/sns_1965_whatserface_po_0001.pdf,/objects/small/sns_1965_whatserface_po_0001_sm.jpg,/objects/thumbs/sns_1965_whatserface_po_0001_th.jpg
sns_1965_whatserface_po_0002.pdf,/objects/sns_1965_whatserface_po_0002.pdf,/objects/small/sns_1965_whatserface_po_0002_sm.jpg,/objects/thumbs/sns_1965_whatserface_po_0002_th.jpg
sns_1965_whatserface_po_0003.pdf,/objects/sns_1965_whatserface_po_0003.pdf,/objects/small/sns_1965_whatserface_po_0003_sm.jpg,/objects/thumbs/sns_1965_whatserface_po_0003_th.jpg
sns_1965_whatserface_po_0004.pdf,/objects/sns_1965_whatserface_po_0004.pdf,/objects/small/sns_1965_whatserface_po_0004_sm.jpg,/objects/thumbs/sns_1965_whatserface_po_0004_th.jpg
sns_1965_whatserface_po_0005.pdf,/objects/sns_1965_whatserface_po_0005.pdf,/objects/small/sns_1965_whatserface_po_0005_sm.jpg,/objects/thumbs/sns_1965_whatserface_po_0005_th.jpg
sns_1965_whatserface_po_0006.pdf,/objects/sns_1965_whatserface_po_0006.pdf,/objects/small/sns_1965_whatserface_po_0006_sm.jpg,/objects/thumbs/sns_1965_whatserface_po_0006_th.jpg
sns_1965_whatserface_pr.pdf,/objects/sns_1965_whatserface_pr.pdf,/objects/small/sns_1965_whatserface_pr_sm.jpg,/objects/thumbs/sns_1965_whatserface_pr_th.jpg
sns_1965_whatserface_rl.pdf,/objects/sns_1965_whatserface_rl.pdf,/objects/small/sns_1965_whatserface_rl_sm.jpg,/objects/thumbs/sns_1965_whatserface_rl_th.jpg
sns_1966_nouveau_pr.pdf,/objects/sns_1966_nouveau_pr.pdf,/objects/small/sns_1966_nouveau_pr_sm.jpg,/objects/thumbs/sns_1966_nouveau_pr_th.jpg
sns_1967_pippin_pr.pdf,/objects/sns_1967_pippin_pr.pdf,/objects/small/sns_1967_pippin_pr_sm.jpg,/objects/thumbs/sns_1967_pippin_pr_th.jpg
sns_1968_twice_pr.pdf,/objects/sns_1968_twice_pr.pdf,/objects/small/sns_1968_twice_pr_sm.jpg,/objects/thumbs/sns_1968_twice_pr_th.jpg
sns_1969_madame_pr.pdf,/objects/sns_1969_madame_pr.pdf,/objects/small/sns_1969_madame_pr_sm.jpg,/objects/thumbs/sns_1969_madame_pr_th.jpg
sns_1970_something_pr.pdf,/objects/sns_1970_something_pr.pdf,/objects/small/sns_1970_something_pr_sm.jpg,/objects/thumbs/sns_1970_something_pr_th.jpg
sns_1970_something_sm.pdf,/objects/sns_1970_something_sm.pdf,/objects/small/sns_1970_something_sm_sm.jpg,/objects/thumbs/sns_1970_something_sm_th.jpg
sns_1970_something_tx.pdf,/objects/sns_1970_something_tx.pdf,/objects/small/sns_1970_something_tx_sm.jpg,/objects/thumbs/sns_1970_something_tx_th.jpg
sns_1971_festival_pr.pdf,/objects/sns_1971_festival_pr.pdf,/objects/small/sns_1971_festival_pr_sm.jpg,/objects/thumbs/sns_1971_festival_pr_th.jpg
sns_1972_lord_pr.pdf,/objects/sns_1972_lord_pr.pdf,/objects/small/sns_1972_lord_pr_sm.jpg,/objects/thumbs/sns_1972_lord_pr_th.jpg
sns_1972_new_pr.pdf,/objects/sns_1972_new_pr.pdf,/objects/small/sns_1972_new_pr_sm.jpg,/objects/thumbs/sns_1972_new_pr_th.jpg
sns_1973_woodwind_pr.pdf,/objects/sns_1973_woodwind_pr.pdf,/objects/small/sns_1973_woodwind_pr_sm.jpg,/objects/thumbs/sns_1973_woodwind_pr_th.jpg
sns_1974_valley_pr.pdf,/objects/sns_1974_valley_pr.pdf,/objects/small/sns_1974_valley_pr_sm.jpg,/objects/thumbs/sns_1974_valley_pr_th.jpg
sns_1975_amphitryon_pr.pdf,/objects/sns_1975_amphitryon_pr.pdf,/objects/small/sns_1975_amphitryon_pr_sm.jpg,/objects/thumbs/sns_1975_amphitryon_pr_th.jpg
sns_1976_glitz_po.pdf,/objects/sns_1976_glitz_po.pdf,/objects/small/sns_1976_glitz_po_sm.jpg,/objects/thumbs/sns_1976_glitz_po_th.jpg
sns_1976_glitz_pr.pdf,/objects/sns_1976_glitz_pr.pdf,/objects/small/sns_1976_glitz_pr_sm.jpg,/objects/thumbs/sns_1976_glitz_pr_th.jpg
sns_1977_something_pr.pdf,/objects/sns_1977_something_pr.pdf,/objects/small/sns_1977_something_pr_sm.jpg,/objects/thumbs/sns_1977_something_pr_th.jpg
sns_1979_watercolors_hb.pdf,/objects/sns_1979_watercolors_hb.pdf,/objects/small/sns_1979_watercolors_hb_sm.jpg,/objects/thumbs/sns_1979_watercolors_hb_th.jpg
sns_1979_watercolors_pr.pdf,/objects/sns_1979_watercolors_pr.pdf,/objects/small/sns_1979_watercolors_pr_sm.jpg,/objects/thumbs/sns_1979_watercolors_pr_th.jpg
sns_1980_kije_po.pdf,/objects/sns_1980_kije_po.pdf,/objects/small/sns_1980_kije_po_sm.jpg,/objects/thumbs/sns_1980_kije_po_th.jpg
sns_1980_kije_pr.pdf,/objects/sns_1980_kije_pr.pdf,/objects/small/sns_1980_kije_pr_sm.jpg,/objects/thumbs/sns_1980_kije_pr_th.jpg
sns_1981_protege_pr.pdf,/objects/sns_1981_protege_pr.pdf,/objects/small/sns_1981_protege_pr_sm.jpg,/objects/thumbs/sns_1981_protege_pr_th.jpg
sns_1981_whos_po.pdf,/objects/sns_1981_whos_po.pdf,/objects/small/sns_1981_whos_po_sm.jpg,/objects/thumbs/sns_1981_whos_po_th.jpg
sns_1981_whos_pr.pdf,/objects/sns_1981_whos_pr.pdf,/objects/small/sns_1981_whos_pr_sm.jpg,/objects/thumbs/sns_1981_whos_pr_th.jpg
sns_1982_fantasticks_po.pdf,/objects/sns_1982_fantasticks_po.pdf,/objects/small/sns_1982_fantasticks_po_sm.jpg,/objects/thumbs/sns_1982_fantasticks_po_th.jpg
sns_1982_queen_pr_0001.pdf,/objects/sns_1982_queen_pr_0001.pdf,/objects/small/sns_1982_queen_pr_0001_sm.jpg,/objects/thumbs/sns_1982_queen_pr_0001_th.jpg
sns_1983_carried_po.pdf,/objects/sns_1983_carried_po.pdf,/objects/small/sns_1983_carried_po_sm.jpg,/objects/thumbs/sns_1983_carried_po_th.jpg
sns_1983_carried_pr.pdf,/objects/sns_1983_carried_pr.pdf,/objects/small/sns_1983_carried_pr_sm.jpg,/objects/thumbs/sns_1983_carried_pr_th.jpg
sns_1983_hello_pr.pdf,/objects/sns_1983_hello_pr.pdf,/objects/small/sns_1983_hello_pr_sm.jpg,/objects/thumbs/sns_1983_hello_pr_th.jpg
sns_1984_salem_pr.pdf,/objects/sns_1984_salem_pr.pdf,/objects/small/sns_1984_salem_pr_sm.jpg,/objects/thumbs/sns_1984_salem_pr_th.jpg
sns_1985_line_pr.pdf,/objects/sns_1985_line_pr.pdf,/objects/small/sns_1985_line_pr_sm.jpg,/objects/thumbs/sns_1985_line_pr_th.jpg
sns_1985_murder_pr.pdf,/objects/sns_1985_murder_pr.pdf,/objects/small/sns_1985_murder_pr_sm.jpg,/objects/thumbs/sns_1985_murder_pr_th.jpg
sns_1985_zelda_pr.pdf,/objects/sns_1985_zelda_pr.pdf,/objects/small/sns_1985_zelda_pr_sm.jpg,/objects/thumbs/sns_1985_zelda_pr_th.jpg
sns_1985_zelda_tx.pdf,/objects/sns_1985_zelda_tx.pdf,/objects/small/sns_1985_zelda_tx_sm.jpg,/objects/thumbs/sns_1985_zelda_tx_th.jpg
sns_1987_3oneact_pr.pdf,/objects/sns_1987_3oneact_pr.pdf,/objects/small/sns_1987_3oneact_pr_sm.jpg,/objects/thumbs/sns_1987_3oneact_pr_th.jpg
sns_1988_improv_po.pdf,/objects/sns_1988_improv_po.pdf,/objects/small/sns_1988_improv_po_sm.jpg,/objects/thumbs/sns_1988_improv_po_th.jpg
sns_1988_improv_tx.pdf,/objects/sns_1988_improv_tx.pdf,/objects/small/sns_1988_improv_tx_sm.jpg,/objects/thumbs/sns_1988_improv_tx_th.jpg
sns_1988_misinformed_po_0001.pdf,/objects/sns_1988_misinformed_po_0001.pdf,/objects/small/sns_1988_misinformed_po_0001_sm.jpg,/objects/thumbs/sns_1988_misinformed_po_0001_th.jpg
sns_1988_misinformed_po_0002.pdf,/objects/sns_1988_misinformed_po_0002.pdf,/objects/small/sns_1988_misinformed_po_0002_sm.jpg,/objects/thumbs/sns_1988_misinformed_po_0002_th.jpg
sns_1988_misinformed_po_0003.pdf,/objects/sns_1988_misinformed_po_0003.pdf,/objects/small/sns_1988_misinformed_po_0003_sm.jpg,/objects/thumbs/sns_1988_misinformed_po_0003_th.jpg
sns_1989_double_nc.pdf,/objects/sns_1989_double_nc.pdf,/objects/small/sns_1989_double_nc_sm.jpg,/objects/thumbs/sns_1989_double_nc_th.jpg
sns_1989_double_po.pdf,/objects/sns_1989_double_po.pdf,/objects/small/sns_1989_double_po_sm.jpg,/objects/thumbs/sns_1989_double_po_th.jpg
sns_1989_reality_pr.pdf,/objects/sns_1989_reality_pr.pdf,/objects/small/sns_1989_reality_pr_sm.jpg,/objects/thumbs/sns_1989_reality_pr_th.jpg
sns_1989_two_pr.pdf,/objects/sns_1989_two_pr.pdf,/objects/small/sns_1989_two_pr_sm.jpg,/objects/thumbs/sns_1989_two_pr_th.jpg
sns_1990_dont_po.pdf,/objects/sns_1990_dont_po.pdf,/objects/small/sns_1990_dont_po_sm.jpg,/objects/thumbs/sns_1990_dont_po_th.jpg
sns_1990_dont_pr.pdf,/objects/sns_1990_dont_pr.pdf,/objects/small/sns_1990_dont_pr_sm.jpg,/objects/thumbs/sns_1990_dont_pr_th.jpg
sns_1990_getting_po.pdf,/objects/sns_1990_getting_po.pdf,/objects/small/sns_1990_getting_po_sm.jpg,/objects/thumbs/sns_1990_getting_po_th.jpg
sns_1990_getting_pr.pdf,/objects/sns_1990_getting_pr.pdf,/objects/small/sns_1990_getting_pr_sm.jpg,/objects/thumbs/sns_1990_getting_pr_th.jpg
sns_1990_particle_pr.pdf,/objects/sns_1990_particle_pr.pdf,/objects/small/sns_1990_particle_pr_sm.jpg,/objects/thumbs/sns_1990_particle_pr_th.jpg
sns_1990_trapped_po_0001.pdf,/objects/sns_1990_trapped_po_0001.pdf,/objects/small/sns_1990_trapped_po_0001_sm.jpg,/objects/thumbs/sns_1990_trapped_po_0001_th.jpg
sns_1990_trapped_po_0002.pdf,/objects/sns_1990_trapped_po_0002.pdf,/objects/small/sns_1990_trapped_po_0002_sm.jpg,/objects/thumbs/sns_1990_trapped_po_0002_th.jpg
sns_1990_trapped_po_0003.pdf,/objects/sns_1990_trapped_po_0003.pdf,/objects/small/sns_1990_trapped_po_0003_sm.jpg,/objects/thumbs/sns_1990_trapped_po_0003_th.jpg
sns_1990_trapped_po_0004.pdf,/objects/sns_1990_trapped_po_0004.pdf,/objects/small/sns_1990_trapped_po_0004_sm.jpg,/objects/thumbs/sns_1990_trapped_po_0004_th.jpg
sns_1990_trapped_pr.pdf,/objects/sns_1990_trapped_pr.pdf,/objects/small/sns_1990_trapped_pr_sm.jpg,/objects/thumbs/sns_1990_trapped_pr_th.jpg
sns_1990_trapped_tx_0001.pdf,/objects/sns_1990_trapped_tx_0001.pdf,/objects/small/sns_1990_trapped_tx_0001_sm.jpg,/objects/thumbs/sns_1990_trapped_tx_0001_th.jpg
sns_1990_trapped_tx_0002.pdf,/objects/sns_1990_trapped_tx_0002.pdf,/objects/small/sns_1990_trapped_tx_0002_sm.jpg,/objects/thumbs/sns_1990_trapped_tx_0002_th.jpg
sns_1991_another_pr.pdf,/objects/sns_1991_another_pr.pdf,/objects/small/sns_1991_another_pr_sm.jpg,/objects/thumbs/sns_1991_another_pr_th.jpg
sns_1991_dartegan_po.pdf,/objects/sns_1991_dartegan_po.pdf,/objects/small/sns_1991_dartegan_po_sm.jpg,/objects/thumbs/sns_1991_dartegan_po_th.jpg
sns_1991_dartegan_pr.pdf,/objects/sns_1991_dartegan_pr.pdf,/objects/small/sns_1991_dartegan_pr_sm.jpg,/objects/thumbs/sns_1991_dartegan_pr_th.jpg
sns_1991_richard_pr.pdf,/objects/sns_1991_richard_pr.pdf,/objects/small/sns_1991_richard_pr_sm.jpg,/objects/thumbs/sns_1991_richard_pr_th.jpg
sns_1992_bindermeyer_po.pdf,/objects/sns_1992_bindermeyer_po.pdf,/objects/small/sns_1992_bindermeyer_po_sm.jpg,/objects/thumbs/sns_1992_bindermeyer_po_th.jpg
sns_1992_bindermeyer_pr.pdf,/objects/sns_1992_bindermeyer_pr.pdf,/objects/small/sns_1992_bindermeyer_pr_sm.jpg,/objects/thumbs/sns_1992_bindermeyer_pr_th.jpg
sns_1992_jack_po.pdf,/objects/sns_1992_jack_po.pdf,/objects/small/sns_1992_jack_po_sm.jpg,/objects/thumbs/sns_1992_jack_po_th.jpg
sns_1992_jack_pr.pdf,/objects/sns_1992_jack_pr.pdf,/objects/small/sns_1992_jack_pr_sm.jpg,/objects/thumbs/sns_1992_jack_pr_th.jpg
sns_1992_jack_tx_0001.pdf,/objects/sns_1992_jack_tx_0001.pdf,/objects/small/sns_1992_jack_tx_0001_sm.jpg,/objects/thumbs/sns_1992_jack_tx_0001_th.jpg
sns_1992_jack_tx_0002.pdf,/objects/sns_1992_jack_tx_0002.pdf,/objects/small/sns_1992_jack_tx_0002_sm.jpg,/objects/thumbs/sns_1992_jack_tx_0002_th.jpg
sns_1992_march_po.pdf,/objects/sns_1992_march_po.pdf,/objects/small/sns_1992_march_po_sm.jpg,/objects/thumbs/sns_1992_march_po_th.jpg
sns_1992_march_pr.pdf,/objects/sns_1992_march_pr.pdf,/objects/small/sns_1992_march_pr_sm.jpg,/objects/thumbs/sns_1992_march_pr_th.jpg
sns_1993_gods_po.pdf,/objects/sns_1993_gods_po.pdf,/objects/small/sns_1993_gods_po_sm.jpg,/objects/thumbs/sns_1993_gods_po_th.jpg
sns_1993_gods_pr.pdf,/objects/sns_1993_gods_pr.pdf,/objects/small/sns_1993_gods_pr_sm.jpg,/objects/thumbs/sns_1993_gods_pr_th.jpg
sns_1993_lysistrata_po.pdf,/objects/sns_1993_lysistrata_po.pdf,/objects/small/sns_1993_lysistrata_po_sm.jpg,/objects/thumbs/sns_1993_lysistrata_po_th.jpg
sns_1993_lysistrata_pr.pdf,/objects/sns_1993_lysistrata_pr.pdf,/objects/small/sns_1993_lysistrata_pr_sm.jpg,/objects/thumbs/sns_1993_lysistrata_pr_th.jpg
sns_1993_mystery_hb.pdf,/objects/sns_1993_mystery_hb.pdf,/objects/small/sns_1993_mystery_hb_sm.jpg,/objects/thumbs/sns_1993_mystery_hb_th.jpg
sns_1993_mystery_po.pdf,/objects/sns_1993_mystery_po.pdf,/objects/small/sns_1993_mystery_po_sm.jpg,/objects/thumbs/sns_1993_mystery_po_th.jpg
sns_1993_mystery_pr.pdf,/objects/sns_1993_mystery_pr.pdf,/objects/small/sns_1993_mystery_pr_sm.jpg,/objects/thumbs/sns_1993_mystery_pr_th.jpg
sns_1993_mystery_tx_0001.pdf,/objects/sns_1993_mystery_tx_0001.pdf,/objects/small/sns_1993_mystery_tx_0001_sm.jpg,/objects/thumbs/sns_1993_mystery_tx_0001_th.jpg
sns_1993_mystery_tx_0002.pdf,/objects/sns_1993_mystery_tx_0002.pdf,/objects/small/sns_1993_mystery_tx_0002_sm.jpg,/objects/thumbs/sns_1993_mystery_tx_0002_th.jpg
sns_1994_colored_pr.pdf,/objects/sns_1994_colored_pr.pdf,/objects/small/sns_1994_colored_pr_sm.jpg,/objects/thumbs/sns_1994_colored_pr_th.jpg
sns_1994_colored_tx.pdf,/objects/sns_1994_colored_tx.pdf,/objects/small/sns_1994_colored_tx_sm.jpg,/objects/thumbs/sns_1994_colored_tx_th.jpg
sns_1994_dancing_po.pdf,/objects/sns_1994_dancing_po.pdf,/objects/small/sns_1994_dancing_po_sm.jpg,/objects/thumbs/sns_1994_dancing_po_th.jpg
sns_1994_dancing_pr.pdf,/objects/sns_1994_dancing_pr.pdf,/objects/small/sns_1994_dancing_pr_sm.jpg,/objects/thumbs/sns_1994_dancing_pr_th.jpg
sns_1994_nemeses_po.pdf,/objects/sns_1994_nemeses_po.pdf,/objects/small/sns_1994_nemeses_po_sm.jpg,/objects/thumbs/sns_1994_nemeses_po_th.jpg
sns_1994_nemeses_pr.pdf,/objects/sns_1994_nemeses_pr.pdf,/objects/small/sns_1994_nemeses_pr_sm.jpg,/objects/thumbs/sns_1994_nemeses_pr_th.jpg
sns_1994_nemeses_tx_0001.pdf,/objects/sns_1994_nemeses_tx_0001.pdf,/objects/small/sns_1994_nemeses_tx_0001_sm.jpg,/objects/thumbs/sns_1994_nemeses_tx_0001_th.jpg
sns_1994_nemeses_tx_0002.pdf,/objects/sns_1994_nemeses_tx_0002.pdf,/objects/small/sns_1994_nemeses_tx_0002_sm.jpg,/objects/thumbs/sns_1994_nemeses_tx_0002_th.jpg
sns_1995_lucky_po.pdf,/objects/sns_1995_lucky_po.pdf,/objects/small/sns_1995_lucky_po_sm.jpg,/objects/thumbs/sns_1995_lucky_po_th.jpg
sns_1995_lucky_pr.pdf,/objects/sns_1995_lucky_pr.pdf,/objects/small/sns_1995_lucky_pr_sm.jpg,/objects/thumbs/sns_1995_lucky_pr_th.jpg
sns_1995_sun_po.pdf,/objects/sns_1995_sun_po.pdf,/objects/small/sns_1995_sun_po_sm.jpg,/objects/thumbs/sns_1995_sun_po_th.jpg
sns_1995_sun_pr.pdf,/objects/sns_1995_sun_pr.pdf,/objects/small/sns_1995_sun_pr_sm.jpg,/objects/thumbs/sns_1995_sun_pr_th.jpg
sns_1995_woods_po.pdf,/objects/sns_1995_woods_po.pdf,/objects/small/sns_1995_woods_po_sm.jpg,/objects/thumbs/sns_1995_woods_po_th.jpg
sns_1995_woods_pr.pdf,/objects/sns_1995_woods_pr.pdf,/objects/small/sns_1995_woods_pr_sm.jpg,/objects/thumbs/sns_1995_woods_pr_th.jpg
sns_1995_woods_tx.pdf,/objects/sns_1995_woods_tx.pdf,/objects/small/sns_1995_woods_tx_sm.jpg,/objects/thumbs/sns_1995_woods_tx_th.jpg
